ID_,ACCOUNT_,MAPPING_RULESET_,NUMBER_
2490fefe-ba75-11e4-8dfc-aa07a5b093db,00f20060-ba6b-11e4-8dfc-aa07a5b093db,3a6008f2-ba6f-11e4-8dfc-aa07a5b093db,0050
2490fddc-ba75-11e4-8dfc-aa07a5b093db,00f2043e-ba6b-11e4-8dfc-aa07a5b093db,3a6008f2-ba6f-11e4-8dfc-aa07a5b093db,0060
2490fca6-ba75-11e4-8dfc-aa07a5b093db,00f205ce-ba6b-11e4-8dfc-aa07a5b093db,3a6008f2-ba6f-11e4-8dfc-aa07a5b093db,0070
2490fb5c-ba75-11e4-8dfc-aa07a5b093db,00f2070e-ba6b-11e4-8dfc-aa07a5b093db,3a6008f2-ba6f-11e4-8dfc-aa07a5b093db,0080
2490f7d8-ba75-11e4-8dfc-aa07a5b093db,00f20af6-ba6b-11e4-8dfc-aa07a5b093db,3a6008f2-ba6f-11e4-8dfc-aa07a5b093db,0090
2490f6ac-ba75-11e4-8dfc-aa07a5b093db,00f20c4a-ba6b-11e4-8dfc-aa07a5b093db,3a6008f2-ba6f-11e4-8dfc-aa07a5b093db,0095
2490f56c-ba75-11e4-8dfc-aa07a5b093db,00f20d76-ba6b-11e4-8dfc-aa07a5b093db,3a6008f2-ba6f-11e4-8dfc-aa07a5b093db,0100
2490f422-ba75-11e4-8dfc-aa07a5b093db,00f20e98-ba6b-11e4-8dfc-aa07a5b093db,3a6008f2-ba6f-11e4-8dfc-aa07a5b093db,0110
2490f2d8-ba75-11e4-8dfc-aa07a5b093db,00f20fc4-ba6b-11e4-8dfc-aa07a5b093db,3a6008f2-ba6f-11e4-8dfc-aa07a5b093db,0120
2490f094-ba75-11e4-8dfc-aa07a5b093db,00f210e6-ba6b-11e4-8dfc-aa07a5b093db,3a6008f2-ba6f-11e4-8dfc-aa07a5b093db,0130
4cb6f456-ba75-11e4-8dfc-aa07a5b093db,a229f58c-ba6b-11e4-8dfc-aa07a5b093db,3a6008f2-ba6f-11e4-8dfc-aa07a5b093db,0135
4cb6e7b8-ba75-11e4-8dfc-aa07a5b093db,a229f906-ba6b-11e4-8dfc-aa07a5b093db,3a6008f2-ba6f-11e4-8dfc-aa07a5b093db,0140
4cb6ea06-ba75-11e4-8dfc-aa07a5b093db,a229fb90-ba6b-11e4-8dfc-aa07a5b093db,3a6008f2-ba6f-11e4-8dfc-aa07a5b093db,0143
4cb6eb5a-ba75-11e4-8dfc-aa07a5b093db,a229fdfc-ba6b-11e4-8dfc-aa07a5b093db,3a6008f2-ba6f-11e4-8dfc-aa07a5b093db,0144
4cb6ed26-ba75-11e4-8dfc-aa07a5b093db,a22a005e-ba6b-11e4-8dfc-aa07a5b093db,3a6008f2-ba6f-11e4-8dfc-aa07a5b093db,0145
4cb6f32a-ba75-11e4-8dfc-aa07a5b093db,a22a02ac-ba6b-11e4-8dfc-aa07a5b093db,3a6008f2-ba6f-11e4-8dfc-aa07a5b093db,0146
4cb6f1f4-ba75-11e4-8dfc-aa07a5b093db,a22a07b6-ba6b-11e4-8dfc-aa07a5b093db,3a6008f2-ba6f-11e4-8dfc-aa07a5b093db,0147
4cb6f0be-ba75-11e4-8dfc-aa07a5b093db,a22a0a18-ba6b-11e4-8dfc-aa07a5b093db,3a6008f2-ba6f-11e4-8dfc-aa07a5b093db,0148
4cb6ef7e-ba75-11e4-8dfc-aa07a5b093db,a22a0c84-ba6b-11e4-8dfc-aa07a5b093db,3a6008f2-ba6f-11e4-8dfc-aa07a5b093db,0150
4cb6ee5c-ba75-11e4-8dfc-aa07a5b093db,a22a0ee6-ba6b-11e4-8dfc-aa07a5b093db,3a6008f2-ba6f-11e4-8dfc-aa07a5b093db,0160
78f7b71c-ba75-11e4-8dfc-aa07a5b093db,e562b906-ba6b-11e4-8dfc-aa07a5b093db,3a6008f2-ba6f-11e4-8dfc-aa07a5b093db,0170
78f7a790-ba75-11e4-8dfc-aa07a5b093db,e562c07c-ba6b-11e4-8dfc-aa07a5b093db,3a6008f2-ba6f-11e4-8dfc-aa07a5b093db,0179
78f7aaf6-ba75-11e4-8dfc-aa07a5b093db,e562c306-ba6b-11e4-8dfc-aa07a5b093db,3a6008f2-ba6f-11e4-8dfc-aa07a5b093db,0200
78f7afc4-ba75-11e4-8dfc-aa07a5b093db,e562c5ae-ba6b-11e4-8dfc-aa07a5b093db,3a6008f2-ba6f-11e4-8dfc-aa07a5b093db,0210
78f7b14a-ba75-11e4-8dfc-aa07a5b093db,e562c810-ba6b-11e4-8dfc-aa07a5b093db,3a6008f2-ba6f-11e4-8dfc-aa07a5b093db,0215
78f7b280-ba75-11e4-8dfc-aa07a5b093db,e562cc0c-ba6b-11e4-8dfc-aa07a5b093db,3a6008f2-ba6f-11e4-8dfc-aa07a5b093db,0220
78f7ba0a-ba75-11e4-8dfc-aa07a5b093db,e562ce78-ba6b-11e4-8dfc-aa07a5b093db,3a6008f2-ba6f-11e4-8dfc-aa07a5b093db,0225
78f7b3ac-ba75-11e4-8dfc-aa07a5b093db,e562d0e4-ba6b-11e4-8dfc-aa07a5b093db,3a6008f2-ba6f-11e4-8dfc-aa07a5b093db,0229
78f7b4d8-ba75-11e4-8dfc-aa07a5b093db,e562d31e-ba6b-11e4-8dfc-aa07a5b093db,3a6008f2-ba6f-11e4-8dfc-aa07a5b093db,0230
78f7b5fa-ba75-11e4-8dfc-aa07a5b093db,4a51befc-ba6c-11e4-8dfc-aa07a5b093db,3a6008f2-ba6f-11e4-8dfc-aa07a5b093db,0235
291d0ad4-ba76-11e4-8dfc-aa07a5b093db,4a51c244-ba6c-11e4-8dfc-aa07a5b093db,3a6008f2-ba6f-11e4-8dfc-aa07a5b093db,0240
291d0d2c-ba76-11e4-8dfc-aa07a5b093db,4a51c3ac-ba6c-11e4-8dfc-aa07a5b093db,3a6008f2-ba6f-11e4-8dfc-aa07a5b093db,0250
291d0e76-ba76-11e4-8dfc-aa07a5b093db,4a51c4d8-ba6c-11e4-8dfc-aa07a5b093db,3a6008f2-ba6f-11e4-8dfc-aa07a5b093db,0260
291d120e-ba76-11e4-8dfc-aa07a5b093db,4a51c7bc-ba6c-11e4-8dfc-aa07a5b093db,3a6008f2-ba6f-11e4-8dfc-aa07a5b093db,0270
291d1362-ba76-11e4-8dfc-aa07a5b093db,4a51c9a6-ba6c-11e4-8dfc-aa07a5b093db,3a6008f2-ba6f-11e4-8dfc-aa07a5b093db,0280
291d148e-ba76-11e4-8dfc-aa07a5b093db,4a51cadc-ba6c-11e4-8dfc-aa07a5b093db,3a6008f2-ba6f-11e4-8dfc-aa07a5b093db,0285
291d19fc-ba76-11e4-8dfc-aa07a5b093db,4a51ccc6-ba6c-11e4-8dfc-aa07a5b093db,3a6008f2-ba6f-11e4-8dfc-aa07a5b093db,0290
291d166e-ba76-11e4-8dfc-aa07a5b093db,4a51ce06-ba6c-11e4-8dfc-aa07a5b093db,3a6008f2-ba6f-11e4-8dfc-aa07a5b093db,0300
291d18d0-ba76-11e4-8dfc-aa07a5b093db,4a51cf28-ba6c-11e4-8dfc-aa07a5b093db,3a6008f2-ba6f-11e4-8dfc-aa07a5b093db,0305
291d17ae-ba76-11e4-8dfc-aa07a5b093db,8b8b462c-ba6c-11e4-8dfc-aa07a5b093db,3a6008f2-ba6f-11e4-8dfc-aa07a5b093db,0310
65806f0c-ba76-11e4-8dfc-aa07a5b093db,8b8b48de-ba6c-11e4-8dfc-aa07a5b093db,3a6008f2-ba6f-11e4-8dfc-aa07a5b093db,0315
65806084-ba76-11e4-8dfc-aa07a5b093db,8b8b4bcc-ba6c-11e4-8dfc-aa07a5b093db,3a6008f2-ba6f-11e4-8dfc-aa07a5b093db,0320
65806d5e-ba76-11e4-8dfc-aa07a5b093db,8b8b4d3e-ba6c-11e4-8dfc-aa07a5b093db,3a6008f2-ba6f-11e4-8dfc-aa07a5b093db,0329
65806c1e-ba76-11e4-8dfc-aa07a5b093db,8b8b4e6a-ba6c-11e4-8dfc-aa07a5b093db,3a6008f2-ba6f-11e4-8dfc-aa07a5b093db,0330
65806afc-ba76-11e4-8dfc-aa07a5b093db,8b8b4f96-ba6c-11e4-8dfc-aa07a5b093db,3a6008f2-ba6f-11e4-8dfc-aa07a5b093db,0340
658069da-ba76-11e4-8dfc-aa07a5b093db,8b8b51b2-ba6c-11e4-8dfc-aa07a5b093db,3a6008f2-ba6f-11e4-8dfc-aa07a5b093db,0350
658068ae-ba76-11e4-8dfc-aa07a5b093db,8b8b52f2-ba6c-11e4-8dfc-aa07a5b093db,3a6008f2-ba6f-11e4-8dfc-aa07a5b093db,0360
6580675a-ba76-11e4-8dfc-aa07a5b093db,8b8b5504-ba6c-11e4-8dfc-aa07a5b093db,3a6008f2-ba6f-11e4-8dfc-aa07a5b093db,0370
65806426-ba76-11e4-8dfc-aa07a5b093db,8b8b5644-ba6c-11e4-8dfc-aa07a5b093db,3a6008f2-ba6f-11e4-8dfc-aa07a5b093db,0380
658062d2-ba76-11e4-8dfc-aa07a5b093db,d2a59404-ba6c-11e4-8dfc-aa07a5b093db,3a6008f2-ba6f-11e4-8dfc-aa07a5b093db,0390
90045b44-ba76-11e4-8dfc-aa07a5b093db,d2a59738-ba6c-11e4-8dfc-aa07a5b093db,3a6008f2-ba6f-11e4-8dfc-aa07a5b093db,0395
90045e82-ba76-11e4-8dfc-aa07a5b093db,d2a598a0-ba6c-11e4-8dfc-aa07a5b093db,3a6008f2-ba6f-11e4-8dfc-aa07a5b093db,0398
90045fe0-ba76-11e4-8dfc-aa07a5b093db,d2a599d6-ba6c-11e4-8dfc-aa07a5b093db,3a6008f2-ba6f-11e4-8dfc-aa07a5b093db,0400
9004636e-ba76-11e4-8dfc-aa07a5b093db,d2a59b0c-ba6c-11e4-8dfc-aa07a5b093db,3a6008f2-ba6f-11e4-8dfc-aa07a5b093db,0420
90046a9e-ba76-11e4-8dfc-aa07a5b093db,d2a59db4-ba6c-11e4-8dfc-aa07a5b093db,3a6008f2-ba6f-11e4-8dfc-aa07a5b093db,0440
900464e0-ba76-11e4-8dfc-aa07a5b093db,d2a59efe-ba6c-11e4-8dfc-aa07a5b093db,3a6008f2-ba6f-11e4-8dfc-aa07a5b093db,0450
9004697c-ba76-11e4-8dfc-aa07a5b093db,d2a5a02a-ba6c-11e4-8dfc-aa07a5b093db,3a6008f2-ba6f-11e4-8dfc-aa07a5b093db,0460
90046738-ba76-11e4-8dfc-aa07a5b093db,d2a5a318-ba6c-11e4-8dfc-aa07a5b093db,3a6008f2-ba6f-11e4-8dfc-aa07a5b093db,0470
9004660c-ba76-11e4-8dfc-aa07a5b093db,d2a5a55c-ba6c-11e4-8dfc-aa07a5b093db,3a6008f2-ba6f-11e4-8dfc-aa07a5b093db,0500
9004685a-ba76-11e4-8dfc-aa07a5b093db,d2a59404-ba6c-11e4-8dfc-aa07a5b093db,3a6008f2-ba6f-11e4-8dfc-aa07a5b093db,0510
c42d1b9a-ba76-11e4-8dfc-aa07a5b093db,d2a59738-ba6c-11e4-8dfc-aa07a5b093db,3a6008f2-ba6f-11e4-8dfc-aa07a5b093db,0520
c42d1df2-ba76-11e4-8dfc-aa07a5b093db,d2a598a0-ba6c-11e4-8dfc-aa07a5b093db,3a6008f2-ba6f-11e4-8dfc-aa07a5b093db,0540
c42d1f3c-ba76-11e4-8dfc-aa07a5b093db,d2a599d6-ba6c-11e4-8dfc-aa07a5b093db,3a6008f2-ba6f-11e4-8dfc-aa07a5b093db,0560
c42d2072-ba76-11e4-8dfc-aa07a5b093db,d2a59b0c-ba6c-11e4-8dfc-aa07a5b093db,3a6008f2-ba6f-11e4-8dfc-aa07a5b093db,0620
c42d2996-ba76-11e4-8dfc-aa07a5b093db,d2a59db4-ba6c-11e4-8dfc-aa07a5b093db,3a6008f2-ba6f-11e4-8dfc-aa07a5b093db,0630
c42d21b2-ba76-11e4-8dfc-aa07a5b093db,d2a59efe-ba6c-11e4-8dfc-aa07a5b093db,3a6008f2-ba6f-11e4-8dfc-aa07a5b093db,0635
c42d22f2-ba76-11e4-8dfc-aa07a5b093db,d2a5a02a-ba6c-11e4-8dfc-aa07a5b093db,3a6008f2-ba6f-11e4-8dfc-aa07a5b093db,0640
c42d2612-ba76-11e4-8dfc-aa07a5b093db,d2a5a318-ba6c-11e4-8dfc-aa07a5b093db,3a6008f2-ba6f-11e4-8dfc-aa07a5b093db,0650
c42d2752-ba76-11e4-8dfc-aa07a5b093db,d2a5a55c-ba6c-11e4-8dfc-aa07a5b093db,3a6008f2-ba6f-11e4-8dfc-aa07a5b093db,0660
c42d2874-ba76-11e4-8dfc-aa07a5b093db,d2a59404-ba6c-11e4-8dfc-aa07a5b093db,3a6008f2-ba6f-11e4-8dfc-aa07a5b093db,0670
1599c7a8-ba77-11e4-8dfc-aa07a5b093db,d2a59738-ba6c-11e4-8dfc-aa07a5b093db,3a6008f2-ba6f-11e4-8dfc-aa07a5b093db,0675
1599ca6e-ba77-11e4-8dfc-aa07a5b093db,d2a598a0-ba6c-11e4-8dfc-aa07a5b093db,3a6008f2-ba6f-11e4-8dfc-aa07a5b093db,0680
1599cbd6-ba77-11e4-8dfc-aa07a5b093db,d2a599d6-ba6c-11e4-8dfc-aa07a5b093db,3a6008f2-ba6f-11e4-8dfc-aa07a5b093db,0690
1599cf82-ba77-11e4-8dfc-aa07a5b093db,d2a59b0c-ba6c-11e4-8dfc-aa07a5b093db,3a6008f2-ba6f-11e4-8dfc-aa07a5b093db,0700
1599d680-ba77-11e4-8dfc-aa07a5b093db,d2a59db4-ba6c-11e4-8dfc-aa07a5b093db,3a6008f2-ba6f-11e4-8dfc-aa07a5b093db,0705
1599d0b8-ba77-11e4-8dfc-aa07a5b093db,d2a59efe-ba6c-11e4-8dfc-aa07a5b093db,3a6008f2-ba6f-11e4-8dfc-aa07a5b093db,0710
1599d1da-ba77-11e4-8dfc-aa07a5b093db,d2a5a02a-ba6c-11e4-8dfc-aa07a5b093db,3a6008f2-ba6f-11e4-8dfc-aa07a5b093db,0720
1599d306-ba77-11e4-8dfc-aa07a5b093db,d2a5a318-ba6c-11e4-8dfc-aa07a5b093db,3a6008f2-ba6f-11e4-8dfc-aa07a5b093db,0725
1599d432-ba77-11e4-8dfc-aa07a5b093db,d2a5a55c-ba6c-11e4-8dfc-aa07a5b093db,3a6008f2-ba6f-11e4-8dfc-aa07a5b093db,0735
1599d554-ba77-11e4-8dfc-aa07a5b093db,af4e72c2-ba6d-11e4-8dfc-aa07a5b093db,3a6008f2-ba6f-11e4-8dfc-aa07a5b093db,0740
47f5b586-ba77-11e4-8dfc-aa07a5b093db,af4e75ec-ba6d-11e4-8dfc-aa07a5b093db,3a6008f2-ba6f-11e4-8dfc-aa07a5b093db,0750
47f5b7de-ba77-11e4-8dfc-aa07a5b093db,af4e7a10-ba6d-11e4-8dfc-aa07a5b093db,3a6008f2-ba6f-11e4-8dfc-aa07a5b093db,0755
47f5b932-ba77-11e4-8dfc-aa07a5b093db,af4e7cf4-ba6d-11e4-8dfc-aa07a5b093db,3a6008f2-ba6f-11e4-8dfc-aa07a5b093db,0765
47f5ba68-ba77-11e4-8dfc-aa07a5b093db,af4e808c-ba6d-11e4-8dfc-aa07a5b093db,3a6008f2-ba6f-11e4-8dfc-aa07a5b093db,0770
47f5c6a2-ba77-11e4-8dfc-aa07a5b093db,af4e8424-ba6d-11e4-8dfc-aa07a5b093db,3a6008f2-ba6f-11e4-8dfc-aa07a5b093db,0780
47f5bb9e-ba77-11e4-8dfc-aa07a5b093db,af4e86ea-ba6d-11e4-8dfc-aa07a5b093db,3a6008f2-ba6f-11e4-8dfc-aa07a5b093db,0785
47f5bee6-ba77-11e4-8dfc-aa07a5b093db,af4e8b72-ba6d-11e4-8dfc-aa07a5b093db,3a6008f2-ba6f-11e4-8dfc-aa07a5b093db,0795
47f5c094-ba77-11e4-8dfc-aa07a5b093db,af4e8e38-ba6d-11e4-8dfc-aa07a5b093db,3a6008f2-ba6f-11e4-8dfc-aa07a5b093db,0800
47f5c2e2-ba77-11e4-8dfc-aa07a5b093db,1c0f22ee-ba6e-11e4-8dfc-aa07a5b093db,3a6008f2-ba6f-11e4-8dfc-aa07a5b093db,0803
47f5c544-ba77-11e4-8dfc-aa07a5b093db,1c0f2640-ba6e-11e4-8dfc-aa07a5b093db,3a6008f2-ba6f-11e4-8dfc-aa07a5b093db,0804
6f808ed2-ba77-11e4-8dfc-aa07a5b093db,1c0f27ee-ba6e-11e4-8dfc-aa07a5b093db,3a6008f2-ba6f-11e4-8dfc-aa07a5b093db,0805
6f809120-ba77-11e4-8dfc-aa07a5b093db,1c0f29c4-ba6e-11e4-8dfc-aa07a5b093db,3a6008f2-ba6f-11e4-8dfc-aa07a5b093db,0808
6f80926a-ba77-11e4-8dfc-aa07a5b093db,1c0f2b90-ba6e-11e4-8dfc-aa07a5b093db,3a6008f2-ba6f-11e4-8dfc-aa07a5b093db,0809
6f809c74-ba77-11e4-8dfc-aa07a5b093db,1c0f2da2-ba6e-11e4-8dfc-aa07a5b093db,3a6008f2-ba6f-11e4-8dfc-aa07a5b093db,0810
6f8093a0-ba77-11e4-8dfc-aa07a5b093db,1c0fa200-ba6e-11e4-8dfc-aa07a5b093db,3a6008f2-ba6f-11e4-8dfc-aa07a5b093db,0813
6f809b48-ba77-11e4-8dfc-aa07a5b093db,1c0fa444-ba6e-11e4-8dfc-aa07a5b093db,3a6008f2-ba6f-11e4-8dfc-aa07a5b093db,0814
6f80985a-ba77-11e4-8dfc-aa07a5b093db,1c0fa5a2-ba6e-11e4-8dfc-aa07a5b093db,3a6008f2-ba6f-11e4-8dfc-aa07a5b093db,0815
6f80972e-ba77-11e4-8dfc-aa07a5b093db,1c0fa7f0-ba6e-11e4-8dfc-aa07a5b093db,3a6008f2-ba6f-11e4-8dfc-aa07a5b093db,0820
6f80960c-ba77-11e4-8dfc-aa07a5b093db,8fa9a198-ba6e-11e4-8dfc-aa07a5b093db,3a6008f2-ba6f-11e4-8dfc-aa07a5b093db,0829
6f8094e0-ba77-11e4-8dfc-aa07a5b093db,8fa9a3e6-ba6e-11e4-8dfc-aa07a5b093db,3a6008f2-ba6f-11e4-8dfc-aa07a5b093db,0830
95025334-ba77-11e4-8dfc-aa07a5b093db,8fa9a53a-ba6e-11e4-8dfc-aa07a5b093db,3a6008f2-ba6f-11e4-8dfc-aa07a5b093db,0840
95025582-ba77-11e4-8dfc-aa07a5b093db,8fa9a8be-ba6e-11e4-8dfc-aa07a5b093db,3a6008f2-ba6f-11e4-8dfc-aa07a5b093db,0850
950256e0-ba77-11e4-8dfc-aa07a5b093db,8fa9aa1c-ba6e-11e4-8dfc-aa07a5b093db,3a6008f2-ba6f-11e4-8dfc-aa07a5b093db,0860
95025a1e-ba77-11e4-8dfc-aa07a5b093db,8fa9ab48-ba6e-11e4-8dfc-aa07a5b093db,3a6008f2-ba6f-11e4-8dfc-aa07a5b093db,0880
9502636a-ba77-11e4-8dfc-aa07a5b093db,8fa9ac6a-ba6e-11e4-8dfc-aa07a5b093db,3a6008f2-ba6f-11e4-8dfc-aa07a5b093db,0883
9502604a-ba77-11e4-8dfc-aa07a5b093db,8fa9ad8c-ba6e-11e4-8dfc-aa07a5b093db,3a6008f2-ba6f-11e4-8dfc-aa07a5b093db,0885
95025f1e-ba77-11e4-8dfc-aa07a5b093db,8fa9aeb8-ba6e-11e4-8dfc-aa07a5b093db,3a6008f2-ba6f-11e4-8dfc-aa07a5b093db,0900
95025dc0-ba77-11e4-8dfc-aa07a5b093db,8fa9b174-ba6e-11e4-8dfc-aa07a5b093db,3a6008f2-ba6f-11e4-8dfc-aa07a5b093db,0910
95025c94-ba77-11e4-8dfc-aa07a5b093db,f009d4cc-ba6e-11e4-8dfc-aa07a5b093db,3a6008f2-ba6f-11e4-8dfc-aa07a5b093db,0920
95025b68-ba77-11e4-8dfc-aa07a5b093db,f009d724-ba6e-11e4-8dfc-aa07a5b093db,3a6008f2-ba6f-11e4-8dfc-aa07a5b093db,0930
ba625264-ba77-11e4-8dfc-aa07a5b093db,f009d990-ba6e-11e4-8dfc-aa07a5b093db,3a6008f2-ba6f-11e4-8dfc-aa07a5b093db,0940
ba6255fc-ba77-11e4-8dfc-aa07a5b093db,f009dada-ba6e-11e4-8dfc-aa07a5b093db,3a6008f2-ba6f-11e4-8dfc-aa07a5b093db,0960
ba625872-ba77-11e4-8dfc-aa07a5b093db,f009dc10-ba6e-11e4-8dfc-aa07a5b093db,3a6008f2-ba6f-11e4-8dfc-aa07a5b093db,0961
ba625ae8-ba77-11e4-8dfc-aa07a5b093db,f009dd32-ba6e-11e4-8dfc-aa07a5b093db,3a6008f2-ba6f-11e4-8dfc-aa07a5b093db,0962
ba625fc0-ba77-11e4-8dfc-aa07a5b093db,f009de5e-ba6e-11e4-8dfc-aa07a5b093db,3a6008f2-ba6f-11e4-8dfc-aa07a5b093db,0963
ba626baa-ba77-11e4-8dfc-aa07a5b093db,f009e12e-ba6e-11e4-8dfc-aa07a5b093db,3a6008f2-ba6f-11e4-8dfc-aa07a5b093db,0964
ba626952-ba77-11e4-8dfc-aa07a5b093db,f009e26e-ba6e-11e4-8dfc-aa07a5b093db,3a6008f2-ba6f-11e4-8dfc-aa07a5b093db,0970
ba6266e6-ba77-11e4-8dfc-aa07a5b093db,f009e4ee-ba6e-11e4-8dfc-aa07a5b093db,3a6008f2-ba6f-11e4-8dfc-aa07a5b093db,0980
ba626484-ba77-11e4-8dfc-aa07a5b093db,3a600690-ba6f-11e4-8dfc-aa07a5b093db,3a6008f2-ba6f-11e4-8dfc-aa07a5b093db,0990
